iteration,solid_sediment_kg,solid_cs137_Bq,liquid_cs137_bq,solid_am241_bq
5,2.392e+03,3.29e+08,2.90e+09,3.31e+06
5,2.199e+03,3.03e+08,2.17e+09,3.01e+06
5,2.096e+03,2.92e+08,2.05e+09,2.93e+06
5,1.954e+03,2.64e+08,1.99e+09,2.61e+06
5,2.037e+03,2.80e+08,1.40e+09,2.80e+06
5,1.905e+03,2.63e+08,2.87e+09,2.60e+06
5,1.957e+03,2.70e+08,1.92e+09,2.70e+06
5,2.014e+03,2.73e+08,1.32e+09,2.74e+06
5,2.530e+03,3.48e+08,1.80e+09,3.46e+06
5,2.539e+03,3.53e+08,1.89e+09,3.53e+06
5,1.604e+03,2.18e+08,1.42e+09,2.21e+06
5,2.104e+03,2.84e+08,2.57e+09,2.85e+06
5,2.245e+03,3.07e+08,2.00e+09,3.08e+06
5,1.703e+03,2.29e+08,1.69e+09,2.31e+06
5,1.947e+03,2.68e+08,1.83e+09,2.68e+06
5,2.162e+03,2.96e+08,1.87e+09,2.98e+06
5,1.936e+03,2.63e+08,2.15e+09,2.64e+06
5,2.379e+03,3.24e+08,2.30e+09,3.23e+06
5,2.035e+03,2.76e+08,2.89e+09,2.77e+06
5,2.056e+03,2.84e+08,3.10e+09,2.86e+06
5,1.540e+03,2.08e+08,2.30e+09,2.12e+06
5,2.221e+03,3.02e+08,1.69e+09,3.05e+06
5,1.603e+03,2.18e+08,1.07e+09,2.18e+06
5,1.998e+03,2.71e+08,1.67e+09,2.74e+06
5,2.088e+03,2.82e+08,2.86e+09,2.85e+06
5,2.246e+03,3.07e+08,3.57e+09,3.08e+06
5,2.352e+03,3.21e+08,2.80e+09,3.24e+06
5,2.674e+03,3.67e+08,2.44e+09,3.65e+06
5,1.690e+03,2.33e+08,1.14e+09,2.34e+06
5,2.895e+03,3.99e+08,1.13e+09,3.96e+06
5,1.716e+03,2.35e+08,1.75e+09,2.34e+06
5,2.274e+03,3.09e+08,4.32e+09,3.06e+06
5,1.675e+03,2.31e+08,2.27e+09,2.33e+06
5,2.682e+03,3.69e+08,1.26e+09,3.67e+06
5,2.077e+03,2.88e+08,1.26e+09,2.88e+06
5,2.152e+03,2.93e+08,2.50e+09,2.94e+06
5,1.996e+03,2.73e+08,1.15e+09,2.75e+06
5,2.381e+03,3.22e+08,2.68e+09,3.23e+06
5,2.192e+03,3.00e+08,1.95e+09,3.00e+06
5,1.769e+03,2.47e+08,2.20e+09,2.45e+06
5,2.311e+03,3.16e+08,2.05e+09,3.19e+06
5,1.528e+03,2.06e+08,1.41e+09,2.08e+06
5,2.093e+03,2.80e+08,1.20e+09,2.79e+06
5,2.017e+03,2.78e+08,3.01e+09,2.81e+06
5,1.783e+03,2.44e+08,2.23e+09,2.47e+06
5,2.146e+03,2.92e+08,2.27e+09,2.93e+06
5,2.242e+03,3.09e+08,3.53e+09,3.09e+06
5,1.904e+03,2.60e+08,2.22e+09,2.62e+06
5,2.224e+03,3.01e+08,3.53e+09,3.02e+06
5,1.985e+03,2.68e+08,2.51e+09,2.69e+06
5,2.129e+03,2.89e+08,2.31e+09,2.92e+06
5,2.212e+03,3.01e+08,1.80e+09,3.00e+06
5,1.934e+03,2.68e+08,2.05e+09,2.65e+06
5,2.302e+03,3.17e+08,1.57e+09,3.22e+06
5,2.478e+03,3.43e+08,2.11e+09,3.44e+06
5,1.787e+03,2.41e+08,1.15e+09,2.43e+06
5,3.000e+03,4.04e+08,2.43e+09,4.09e+06
5,2.082e+03,2.83e+08,1.29e+09,2.85e+06
5,2.410e+03,3.26e+08,1.61e+09,3.24e+06
5,2.148e+03,2.89e+08,1.92e+09,2.89e+06
5,2.182e+03,2.95e+08,3.31e+09,2.97e+06
5,2.686e+03,3.65e+08,1.94e+09,3.64e+06
5,1.926e+03,2.63e+08,1.35e+09,2.64e+06
5,1.899e+03,2.59e+08,3.54e+09,2.63e+06
5,2.793e+03,3.84e+08,2.15e+09,3.85e+06
5,2.451e+03,3.39e+08,2.06e+09,3.39e+06
5,1.997e+03,2.75e+08,2.34e+09,2.79e+06
5,1.790e+03,2.44e+08,2.08e+09,2.44e+06
5,1.509e+03,2.07e+08,7.85e+08,2.08e+06
5,2.473e+03,3.36e+08,1.75e+09,3.36e+06
5,2.289e+03,3.11e+08,1.89e+09,3.17e+06
5,2.426e+03,3.30e+08,1.34e+09,3.29e+06
5,2.389e+03,3.24e+08,1.42e+09,3.26e+06
5,2.131e+03,2.89e+08,1.50e+09,2.93e+06
5,1.950e+03,2.73e+08,1.92e+09,2.74e+06
5,2.518e+03,3.40e+08,1.19e+09,3.41e+06
5,2.603e+03,3.64e+08,3.06e+09,3.67e+06
5,1.874e+03,2.55e+08,2.49e+09,2.56e+06
5,2.234e+03,3.05e+08,1.64e+09,3.07e+06
5,1.781e+03,2.44e+08,1.54e+09,2.46e+06
5,2.385e+03,3.30e+08,2.96e+09,3.31e+06
5,2.172e+03,2.96e+08,8.25e+08,2.99e+06
5,1.963e+03,2.72e+08,1.23e+09,2.76e+06
5,2.521e+03,3.38e+08,3.94e+08,3.42e+06
5,2.335e+03,3.21e+08,2.79e+09,3.22e+06
5,1.508e+03,2.07e+08,1.58e+09,2.08e+06
5,1.946e+03,2.63e+08,2.27e+09,2.64e+06
5,1.944e+03,2.65e+08,1.46e+09,2.66e+06
5,2.869e+03,3.97e+08,2.63e+09,3.99e+06
5,1.965e+03,2.71e+08,2.88e+09,2.65e+06
5,2.176e+03,3.01e+08,1.55e+09,3.02e+06
5,1.966e+03,2.62e+08,1.45e+09,2.60e+06
5,2.427e+03,3.38e+08,2.60e+09,3.40e+06
5,2.472e+03,3.37e+08,2.01e+09,3.36e+06
5,2.509e+03,3.43e+08,2.61e+09,3.42e+06
5,1.583e+03,2.15e+08,2.03e+09,2.16e+06
5,2.309e+03,3.14e+08,2.25e+09,3.12e+06
5,1.663e+03,2.26e+08,1.66e+09,2.30e+06
5,2.367e+03,3.20e+08,2.19e+09,3.22e+06
5,2.056e+03,2.77e+08,1.64e+09,2.78e+06
5,2.144e+03,2.93e+08,1.73e+09,2.95e+06
5,1.838e+03,2.50e+08,1.93e+09,2.52e+06
5,1.904e+03,2.61e+08,1.72e+09,2.62e+06
5,2.588e+03,3.58e+08,2.91e+09,3.57e+06
5,2.055e+03,2.77e+08,1.64e+09,2.79e+06
5,2.069e+03,2.82e+08,2.48e+09,2.85e+06
5,2.223e+03,3.05e+08,4.39e+09,3.07e+06
5,1.995e+03,2.71e+08,1.89e+09,2.73e+06
5,2.613e+03,3.54e+08,2.06e+09,3.53e+06
5,2.353e+03,3.23e+08,1.41e+09,3.19e+06
5,2.208e+03,3.11e+08,2.09e+09,3.09e+06
5,2.062e+03,2.82e+08,3.05e+09,2.83e+06
5,2.093e+03,2.92e+08,3.60e+09,2.93e+06
5,2.637e+03,3.65e+08,1.43e+09,3.65e+06
5,2.193e+03,3.04e+08,2.55e+09,3.01e+06
5,2.054e+03,2.86e+08,3.49e+09,2.86e+06
5,2.077e+03,2.86e+08,3.30e+09,2.86e+06
5,2.353e+03,3.17e+08,1.97e+09,3.21e+06
5,1.851e+03,2.57e+08,4.51e+09,2.57e+06
5,1.727e+03,2.41e+08,1.33e+09,2.41e+06
5,2.252e+03,3.07e+08,2.17e+09,3.07e+06
5,2.336e+03,3.19e+08,1.60e+09,3.20e+06
5,2.541e+03,3.47e+08,2.03e+09,3.44e+06
5,2.340e+03,3.16e+08,2.65e+09,3.17e+06
5,2.329e+03,3.17e+08,1.61e+09,3.12e+06
5,2.273e+03,3.07e+08,3.08e+09,3.12e+06
5,1.980e+03,2.69e+08,1.87e+09,2.69e+06
5,1.936e+03,2.67e+08,1.68e+09,2.69e+06
5,2.045e+03,2.80e+08,1.09e+09,2.79e+06
5,2.011e+03,2.74e+08,1.64e+09,2.76e+06
5,2.253e+03,3.09e+08,1.75e+09,3.12e+06
5,2.205e+03,3.02e+08,9.24e+08,3.03e+06
5,1.669e+03,2.26e+08,2.13e+09,2.26e+06
5,2.417e+03,3.29e+08,1.72e+09,3.29e+06
5,2.103e+03,2.83e+08,1.65e+09,2.86e+06
5,2.433e+03,3.30e+08,2.11e+09,3.30e+06
5,2.646e+03,3.63e+08,1.86e+09,3.65e+06
5,1.756e+03,2.35e+08,2.59e+09,2.36e+06
5,1.944e+03,2.64e+08,1.78e+09,2.64e+06
5,2.078e+03,2.83e+08,1.48e+09,2.87e+06
5,1.876e+03,2.51e+08,1.78e+09,2.51e+06
5,2.481e+03,3.42e+08,2.64e+09,3.41e+06
5,1.938e+03,2.61e+08,1.15e+09,2.64e+06
5,2.349e+03,3.21e+08,1.59e+09,3.21e+06
5,2.137e+03,2.87e+08,9.22e+08,2.87e+06
5,2.219e+03,3.03e+08,2.15e+09,3.04e+06
5,2.413e+03,3.23e+08,3.01e+09,3.22e+06
5,2.189e+03,2.99e+08,2.36e+09,2.95e+06
5,2.488e+03,3.43e+08,2.71e+09,3.36e+06
5,1.819e+03,2.48e+08,1.48e+09,2.47e+06
5,1.842e+03,2.53e+08,3.11e+09,2.54e+06
5,2.067e+03,2.81e+08,2.33e+09,2.83e+06
5,2.200e+03,2.93e+08,1.63e+09,2.97e+06
5,2.286e+03,3.10e+08,1.16e+09,3.11e+06
5,1.713e+03,2.35e+08,3.83e+09,2.34e+06
5,2.354e+03,3.20e+08,1.65e+09,3.22e+06
5,2.198e+03,2.96e+08,2.92e+09,2.97e+06
5,1.897e+03,2.60e+08,1.87e+09,2.60e+06
5,1.976e+03,2.74e+08,2.38e+09,2.74e+06
5,2.379e+03,3.33e+08,2.09e+09,3.34e+06
5,2.385e+03,3.30e+08,1.40e+09,3.25e+06
5,2.423e+03,3.31e+08,3.49e+09,3.31e+06
5,2.634e+03,3.63e+08,2.85e+09,3.55e+06
5,1.903e+03,2.58e+08,3.11e+09,2.58e+06
5,1.772e+03,2.45e+08,1.68e+09,2.48e+06
5,2.211e+03,3.04e+08,1.99e+09,3.05e+06
5,2.277e+03,3.09e+08,2.91e+09,3.09e+06
5,2.382e+03,3.31e+08,1.91e+09,3.32e+06
5,2.380e+03,3.30e+08,9.70e+08,3.32e+06
5,2.183e+03,2.95e+08,2.94e+09,2.96e+06
5,1.719e+03,2.37e+08,2.23e+09,2.37e+06
5,2.293e+03,3.12e+08,1.76e+09,3.15e+06
5,1.837e+03,2.50e+08,2.59e+09,2.49e+06
5,2.451e+03,3.31e+08,2.11e+09,3.31e+06
5,2.392e+03,3.31e+08,1.76e+09,3.28e+06
5,2.279e+03,3.12e+08,1.09e+09,3.13e+06
5,2.277e+03,3.11e+08,2.47e+09,3.09e+06
5,1.970e+03,2.70e+08,2.01e+09,2.72e+06
5,1.866e+03,2.55e+08,2.69e+09,2.58e+06
5,2.151e+03,2.95e+08,2.12e+09,2.95e+06
5,2.093e+03,2.86e+08,1.80e+09,2.87e+06
5,2.776e+03,3.77e+08,3.73e+09,3.83e+06
5,2.615e+03,3.58e+08,1.87e+09,3.58e+06
5,1.783e+03,2.42e+08,1.95e+09,2.46e+06
5,2.238e+03,3.10e+08,1.04e+09,3.12e+06
5,2.122e+03,2.89e+08,2.16e+09,2.89e+06
5,1.857e+03,2.53e+08,2.38e+09,2.55e+06
5,2.192e+03,3.06e+08,1.70e+09,3.07e+06
5,1.988e+03,2.72e+08,2.04e+09,2.75e+06
5,2.200e+03,2.99e+08,2.35e+09,3.00e+06
5,2.172e+03,2.97e+08,1.90e+09,2.95e+06
5,2.329e+03,3.11e+08,1.26e+09,3.12e+06
5,1.689e+03,2.31e+08,2.27e+09,2.29e+06
5,2.124e+03,2.92e+08,1.70e+09,2.93e+06
5,2.198e+03,3.02e+08,1.07e+09,3.02e+06
5,1.734e+03,2.35e+08,1.80e+09,2.39e+06
5,2.150e+03,2.89e+08,9.56e+08,2.94e+06
5,2.212e+03,2.99e+08,1.35e+09,3.02e+06
5,2.898e+03,3.97e+08,1.74e+09,3.99e+06
5,1.723e+03,2.33e+08,2.15e+09,2.37e+06
5,1.923e+03,2.63e+08,4.20e+09,2.60e+06
5,2.422e+03,3.31e+08,1.07e+09,3.31e+06
5,2.088e+03,2.86e+08,2.12e+09,2.85e+06
5,2.132e+03,2.93e+08,2.30e+09,2.93e+06
5,2.120e+03,2.91e+08,9.81e+08,2.88e+06
5,2.219e+03,3.03e+08,1.60e+09,3.08e+06
5,2.344e+03,3.18e+08,1.25e+09,3.18e+06
5,1.818e+03,2.49e+08,1.43e+09,2.50e+06
5,1.917e+03,2.62e+08,2.92e+09,2.64e+06
5,1.543e+03,2.08e+08,4.16e+09,2.08e+06
5,1.806e+03,2.43e+08,1.66e+09,2.46e+06
5,2.350e+03,3.23e+08,1.32e+09,3.23e+06
5,2.242e+03,3.06e+08,1.44e+09,3.04e+06
5,2.010e+03,2.71e+08,2.74e+09,2.74e+06
5,2.039e+03,2.76e+08,3.57e+09,2.75e+06
5,2.048e+03,2.81e+08,1.22e+09,2.82e+06
5,2.303e+03,3.14e+08,3.70e+09,3.14e+06
5,2.630e+03,3.59e+08,2.28e+09,3.63e+06
5,2.398e+03,3.25e+08,1.93e+09,3.33e+06
5,2.387e+03,3.27e+08,1.90e+09,3.31e+06
5,1.928e+03,2.59e+08,1.77e+09,2.61e+06
5,2.042e+03,2.76e+08,2.36e+09,2.79e+06
5,1.992e+03,2.74e+08,1.71e+09,2.72e+06
5,2.608e+03,3.63e+08,1.86e+09,3.60e+06
5,2.047e+03,2.82e+08,1.05e+09,2.80e+06
5,1.545e+03,2.12e+08,2.27e+09,2.10e+06
5,1.924e+03,2.65e+08,1.58e+09,2.62e+06
5,3.748e+03,5.12e+08,1.99e+09,5.17e+06
5,2.242e+03,3.04e+08,1.75e+09,3.05e+06
5,2.225e+03,3.01e+08,3.16e+09,3.02e+06
5,2.871e+03,3.92e+08,1.62e+09,3.94e+06
5,1.803e+03,2.45e+08,1.46e+09,2.47e+06
5,2.406e+03,3.27e+08,2.10e+09,3.28e+06
5,2.051e+03,2.82e+08,3.25e+09,2.85e+06
5,2.358e+03,3.26e+08,1.80e+09,3.28e+06
5,2.469e+03,3.46e+08,1.30e+09,3.48e+06
5,2.007e+03,2.74e+08,1.32e+09,2.74e+06
5,2.241e+03,3.12e+08,1.21e+09,3.12e+06
5,2.064e+03,2.83e+08,2.47e+09,2.83e+06
5,1.994e+03,2.69e+08,1.82e+09,2.69e+06
5,2.466e+03,3.36e+08,1.85e+09,3.37e+06
5,1.454e+03,2.00e+08,1.69e+09,1.98e+06
5,2.117e+03,2.90e+08,2.00e+09,2.92e+06
5,2.067e+03,2.82e+08,3.64e+09,2.82e+06
5,2.329e+03,3.10e+08,3.33e+09,3.11e+06
5,2.090e+03,2.84e+08,2.30e+09,2.86e+06
5,2.319e+03,3.20e+08,1.29e+09,3.22e+06
5,1.838e+03,2.50e+08,1.41e+09,2.53e+06
5,2.255e+03,3.14e+08,2.49e+09,3.15e+06
5,2.112e+03,2.86e+08,3.04e+09,2.87e+06
5,1.859e+03,2.55e+08,1.45e+09,2.57e+06
5,1.896e+03,2.62e+08,2.15e+09,2.62e+06
5,1.876e+03,2.56e+08,1.50e+09,2.56e+06
5,2.498e+03,3.37e+08,1.66e+09,3.38e+06
5,2.639e+03,3.57e+08,2.88e+09,3.60e+06
5,2.329e+03,3.23e+08,2.43e+09,3.24e+06
5,1.928e+03,2.62e+08,1.37e+09,2.63e+06
5,1.661e+03,2.27e+08,2.16e+09,2.28e+06
5,2.532e+03,3.48e+08,2.46e+09,3.51e+06
5,2.153e+03,2.90e+08,1.68e+09,2.92e+06
5,2.361e+03,3.22e+08,1.80e+09,3.22e+06
5,2.251e+03,2.99e+08,3.09e+09,2.99e+06
5,1.924e+03,2.61e+08,2.98e+09,2.63e+06
5,1.845e+03,2.54e+08,2.81e+09,2.55e+06
5,2.140e+03,2.91e+08,4.16e+09,2.90e+06
5,1.697e+03,2.35e+08,1.49e+09,2.36e+06
5,1.644e+03,2.22e+08,2.19e+09,2.22e+06
5,1.803e+03,2.45e+08,1.84e+09,2.48e+06
5,2.588e+03,3.51e+08,2.35e+09,3.53e+06
5,2.773e+03,3.82e+08,3.19e+09,3.88e+06
5,2.026e+03,2.74e+08,2.18e+09,2.77e+06
5,1.977e+03,2.68e+08,3.82e+09,2.70e+06
5,1.863e+03,2.53e+08,1.90e+09,2.55e+06
5,1.598e+03,2.15e+08,1.19e+09,2.20e+06
5,2.238e+03,3.02e+08,3.18e+09,3.05e+06
5,1.776e+03,2.41e+08,2.13e+09,2.43e+06
5,1.701e+03,2.33e+08,1.30e+09,2.32e+06
5,2.437e+03,3.39e+08,4.79e+09,3.40e+06
5,2.557e+03,3.52e+08,2.77e+09,3.54e+06
5,2.211e+03,3.04e+08,1.52e+09,3.03e+06
5,2.204e+03,3.10e+08,1.79e+09,3.06e+06
5,2.273e+03,3.09e+08,2.05e+09,3.10e+06
5,2.357e+03,3.24e+08,1.92e+09,3.23e+06
5,2.044e+03,2.81e+08,3.58e+09,2.80e+06
5,1.845e+03,2.53e+08,9.42e+08,2.52e+06
5,2.458e+03,3.38e+08,7.80e+08,3.36e+06
5,2.526e+03,3.44e+08,2.58e+09,3.49e+06
5,2.378e+03,3.29e+08,2.08e+09,3.30e+06
5,2.227e+03,3.03e+08,2.83e+09,3.07e+06
5,2.124e+03,2.92e+08,1.95e+09,2.92e+06
5,2.290e+03,3.16e+08,1.78e+09,3.13e+06
5,2.334e+03,3.21e+08,7.45e+08,3.22e+06
5,1.838e+03,2.48e+08,1.34e+09,2.47e+06
5,2.476e+03,3.36e+08,1.73e+09,3.37e+06
5,2.256e+03,3.04e+08,1.70e+09,3.06e+06
5,2.444e+03,3.32e+08,2.66e+09,3.35e+06
5,2.498e+03,3.43e+08,2.67e+09,3.40e+06
5,1.915e+03,2.60e+08,2.62e+09,2.60e+06
5,2.126e+03,3.01e+08,2.07e+09,2.95e+06
5,2.411e+03,3.31e+08,1.97e+09,3.30e+06
5,2.305e+03,3.10e+08,1.92e+09,3.10e+06
5,1.836e+03,2.51e+08,2.75e+09,2.52e+06
5,2.308e+03,3.13e+08,3.50e+09,3.14e+06
5,2.219e+03,3.09e+08,2.32e+09,3.09e+06
5,2.395e+03,3.27e+08,2.33e+09,3.31e+06
5,1.816e+03,2.46e+08,1.56e+09,2.50e+06
5,2.540e+03,3.54e+08,1.87e+09,3.53e+06
5,2.061e+03,2.81e+08,1.30e+09,2.82e+06
5,2.602e+03,3.54e+08,2.39e+09,3.50e+06
5,2.534e+03,3.46e+08,2.41e+09,3.46e+06
5,2.413e+03,3.32e+08,1.83e+09,3.33e+06
5,1.730e+03,2.36e+08,2.67e+09,2.38e+06
5,2.167e+03,2.95e+08,2.23e+09,2.93e+06
5,2.080e+03,2.81e+08,1.75e+09,2.82e+06
5,1.935e+03,2.64e+08,1.64e+09,2.64e+06
5,1.732e+03,2.32e+08,3.02e+09,2.33e+06
5,1.943e+03,2.63e+08,2.70e+09,2.66e+06
5,1.812e+03,2.46e+08,1.14e+09,2.46e+06
5,1.898e+03,2.62e+08,1.83e+09,2.61e+06
5,2.425e+03,3.30e+08,1.35e+09,3.31e+06
5,2.117e+03,2.92e+08,3.10e+09,2.97e+06
5,2.505e+03,3.41e+08,1.93e+09,3.44e+06
5,1.963e+03,2.62e+08,1.61e+09,2.61e+06
5,2.272e+03,3.10e+08,2.38e+09,3.10e+06
5,2.238e+03,3.04e+08,1.46e+09,3.05e+06
5,2.229e+03,3.05e+08,2.78e+09,3.07e+06
5,2.054e+03,2.79e+08,1.46e+09,2.80e+06
5,1.914e+03,2.60e+08,2.13e+09,2.63e+06
5,2.122e+03,2.95e+08,3.38e+09,2.97e+06
5,2.321e+03,3.14e+08,1.56e+09,3.16e+06
5,2.526e+03,3.44e+08,2.07e+09,3.40e+06
5,1.904e+03,2.57e+08,1.48e+09,2.58e+06
5,1.719e+03,2.32e+08,4.45e+09,2.35e+06
5,2.260e+03,3.14e+08,1.16e+09,3.14e+06
5,1.798e+03,2.43e+08,1.92e+09,2.45e+06
5,2.443e+03,3.28e+08,2.59e+09,3.28e+06
5,1.554e+03,2.11e+08,8.74e+08,2.13e+06
5,2.745e+03,3.81e+08,2.21e+09,3.84e+06
5,2.471e+03,3.33e+08,1.64e+09,3.35e+06
5,2.049e+03,2.80e+08,2.66e+09,2.77e+06
5,2.104e+03,2.95e+08,2.04e+09,2.94e+06
5,2.183e+03,3.02e+08,2.11e+09,3.03e+06
5,1.661e+03,2.21e+08,2.24e+09,2.22e+06
5,2.254e+03,3.07e+08,2.60e+09,3.08e+06
5,1.609e+03,2.16e+08,1.68e+09,2.16e+06
5,2.065e+03,2.83e+08,2.27e+09,2.82e+06
5,2.460e+03,3.32e+08,2.46e+09,3.37e+06
5,1.976e+03,2.69e+08,2.42e+09,2.71e+06
5,2.169e+03,2.95e+08,1.93e+09,2.95e+06
5,1.941e+03,2.65e+08,1.09e+09,2.64e+06
5,2.737e+03,3.74e+08,2.87e+09,3.73e+06
5,2.412e+03,3.26e+08,3.01e+09,3.28e+06
5,2.214e+03,3.07e+08,2.28e+09,3.05e+06
5,2.846e+03,3.88e+08,1.67e+09,3.88e+06
5,2.467e+03,3.39e+08,2.20e+09,3.42e+06
5,1.884e+03,2.59e+08,1.21e+09,2.59e+06
5,2.166e+03,2.94e+08,2.70e+09,2.95e+06
5,2.199e+03,2.96e+08,1.50e+09,2.96e+06
5,2.275e+03,3.10e+08,2.18e+09,3.14e+06
5,2.095e+03,2.83e+08,1.29e+09,2.85e+06
5,2.850e+03,3.91e+08,2.58e+09,3.92e+06
5,2.247e+03,3.13e+08,1.64e+09,3.16e+06
5,2.262e+03,3.14e+08,1.79e+09,3.15e+06
5,2.298e+03,3.14e+08,1.11e+09,3.13e+06
5,1.898e+03,2.55e+08,2.08e+09,2.56e+06
5,2.064e+03,2.83e+08,2.45e+09,2.85e+06
5,2.372e+03,3.28e+08,2.57e+09,3.27e+06
5,2.088e+03,2.84e+08,2.75e+09,2.82e+06
5,2.245e+03,3.05e+08,1.60e+09,3.09e+06
5,2.304e+03,3.12e+08,1.66e+09,3.14e+06
5,1.977e+03,2.71e+08,1.42e+09,2.74e+06
5,2.271e+03,3.03e+08,1.19e+09,3.02e+06
5,1.808e+03,2.44e+08,1.73e+09,2.44e+06
5,2.285e+03,3.14e+08,3.57e+09,3.16e+06
5,1.784e+03,2.42e+08,8.43e+08,2.43e+06
5,1.921e+03,2.62e+08,2.23e+09,2.61e+06
5,1.968e+03,2.71e+08,3.17e+09,2.69e+06
5,2.262e+03,3.20e+08,3.12e+09,3.18e+06
5,2.010e+03,2.74e+08,1.79e+09,2.74e+06
5,2.719e+03,3.70e+08,2.54e+09,3.72e+06
5,1.932e+03,2.66e+08,1.93e+09,2.70e+06
5,2.064e+03,2.83e+08,2.38e+09,2.82e+06
5,1.957e+03,2.69e+08,1.59e+09,2.70e+06
5,2.142e+03,2.93e+08,9.10e+08,2.92e+06
5,2.686e+03,3.60e+08,2.73e+09,3.60e+06
5,2.626e+03,3.53e+08,1.47e+09,3.58e+06
5,2.379e+03,3.23e+08,1.83e+09,3.21e+06
5,1.875e+03,2.54e+08,3.39e+09,2.58e+06
5,1.817e+03,2.48e+08,3.10e+09,2.47e+06
5,2.187e+03,3.01e+08,2.27e+09,3.03e+06
5,2.421e+03,3.30e+08,1.87e+09,3.31e+06
5,2.398e+03,3.23e+08,1.93e+09,3.22e+06
5,1.708e+03,2.30e+08,3.21e+09,2.30e+06
5,2.367e+03,3.25e+08,2.06e+09,3.30e+06
5,2.202e+03,2.98e+08,2.29e+09,2.94e+06
5,2.162e+03,2.98e+08,1.49e+09,2.99e+06
5,2.375e+03,3.26e+08,3.28e+09,3.29e+06
5,2.206e+03,3.04e+08,3.09e+09,3.09e+06
5,2.137e+03,2.91e+08,1.42e+09,2.93e+06
5,1.903e+03,2.59e+08,1.67e+09,2.60e+06
5,2.409e+03,3.26e+08,1.29e+09,3.25e+06
5,2.440e+03,3.29e+08,2.46e+09,3.34e+06
5,2.152e+03,2.93e+08,2.24e+09,2.96e+06
5,1.749e+03,2.36e+08,1.62e+09,2.40e+06
5,2.574e+03,3.55e+08,2.61e+09,3.58e+06
5,2.065e+03,2.81e+08,1.48e+09,2.81e+06
5,1.874e+03,2.52e+08,1.51e+09,2.53e+06
5,1.617e+03,2.18e+08,2.99e+09,2.17e+06
5,2.099e+03,2.85e+08,1.91e+09,2.89e+06
5,2.066e+03,2.84e+08,2.73e+09,2.85e+06
5,2.207e+03,3.05e+08,2.52e+09,3.07e+06
5,2.092e+03,2.79e+08,1.80e+09,2.78e+06
5,1.591e+03,2.16e+08,1.58e+09,2.18e+06
5,2.435e+03,3.28e+08,2.23e+09,3.26e+06
5,1.856e+03,2.53e+08,2.83e+09,2.54e+06
5,2.276e+03,3.04e+08,1.54e+09,3.04e+06
5,2.480e+03,3.38e+08,1.51e+09,3.35e+06
5,2.080e+03,2.83e+08,2.72e+09,2.86e+06
5,1.316e+03,1.77e+08,1.37e+09,1.77e+06
5,2.080e+03,2.88e+08,2.74e+09,2.86e+06
5,2.299e+03,3.17e+08,2.27e+09,3.15e+06
5,2.061e+03,2.80e+08,2.56e+09,2.82e+06
5,2.294e+03,3.07e+08,1.78e+09,3.10e+06
5,2.162e+03,2.98e+08,1.98e+09,2.96e+06
5,1.929e+03,2.64e+08,2.65e+09,2.63e+06
5,2.290e+03,3.10e+08,1.64e+09,3.07e+06
5,1.976e+03,2.75e+08,1.83e+09,2.72e+06
5,2.018e+03,2.73e+08,2.46e+09,2.76e+06
5,2.363e+03,3.23e+08,2.18e+09,3.23e+06
5,1.753e+03,2.38e+08,1.61e+09,2.39e+06
5,2.240e+03,3.04e+08,3.97e+09,3.01e+06
5,2.425e+03,3.24e+08,1.68e+09,3.25e+06
5,1.892e+03,2.59e+08,2.34e+09,2.60e+06
5,2.373e+03,3.26e+08,2.01e+09,3.28e+06
5,2.177e+03,2.92e+08,1.89e+09,2.92e+06
5,1.723e+03,2.33e+08,2.25e+09,2.33e+06
5,2.343e+03,3.22e+08,2.35e+09,3.25e+06
5,2.266e+03,3.12e+08,2.25e+09,3.13e+06
5,1.863e+03,2.54e+08,2.13e+09,2.55e+06
5,1.685e+03,2.29e+08,1.65e+09,2.30e+06
5,2.067e+03,2.88e+08,1.95e+09,2.87e+06
5,1.506e+03,2.05e+08,2.07e+09,2.07e+06
5,2.268e+03,3.11e+08,1.73e+09,3.12e+06
5,2.213e+03,2.95e+08,8.82e+08,2.98e+06
5,1.799e+03,2.41e+08,2.22e+09,2.41e+06
5,2.341e+03,3.17e+08,5.67e+08,3.19e+06
5,2.159e+03,2.94e+08,2.83e+09,2.96e+06
5,1.613e+03,2.19e+08,2.27e+09,2.20e+06
5,2.334e+03,3.09e+08,2.04e+09,3.09e+06
5,2.276e+03,3.15e+08,1.10e+09,3.16e+06
5,2.140e+03,2.91e+08,2.36e+09,2.93e+06
5,1.790e+03,2.47e+08,1.32e+09,2.46e+06
5,2.263e+03,3.06e+08,2.55e+09,3.10e+06
5,1.996e+03,2.75e+08,1.55e+09,2.74e+06
5,2.056e+03,2.83e+08,1.77e+09,2.86e+06
5,1.516e+03,2.02e+08,2.18e+09,2.02e+06
5,1.843e+03,2.54e+08,2.61e+09,2.54e+06
5,2.164e+03,2.94e+08,1.90e+09,2.94e+06
5,1.868e+03,2.50e+08,2.01e+09,2.53e+06
5,2.147e+03,2.90e+08,1.25e+09,2.91e+06
5,2.503e+03,3.42e+08,1.16e+09,3.44e+06
5,2.248e+03,3.05e+08,1.70e+09,3.08e+06
5,2.074e+03,2.85e+08,1.96e+09,2.86e+06
5,2.160e+03,2.95e+08,2.83e+09,2.95e+06
5,2.040e+03,2.78e+08,2.71e+09,2.77e+06
5,1.961e+03,2.65e+08,2.42e+09,2.66e+06
5,2.838e+03,3.86e+08,9.30e+08,3.92e+06
5,2.774e+03,3.79e+08,1.54e+09,3.80e+06
5,2.071e+03,2.87e+08,1.18e+09,2.87e+06
5,2.559e+03,3.52e+08,2.64e+09,3.54e+06
5,2.378e+03,3.24e+08,3.04e+09,3.27e+06
5,1.879e+03,2.56e+08,1.18e+09,2.58e+06
5,1.847e+03,2.52e+08,1.92e+09,2.52e+06
5,1.837e+03,2.49e+08,1.82e+09,2.50e+06
5,2.223e+03,3.06e+08,2.10e+09,3.10e+06
5,1.914e+03,2.66e+08,1.59e+09,2.66e+06
5,1.980e+03,2.74e+08,1.96e+09,2.72e+06
5,1.439e+03,1.98e+08,2.75e+09,1.98e+06
5,1.569e+03,2.12e+08,1.94e+09,2.15e+06
5,1.981e+03,2.72e+08,2.02e+09,2.73e+06
5,2.387e+03,3.24e+08,2.02e+09,3.24e+06
5,1.931e+03,2.61e+08,1.39e+09,2.60e+06
5,2.528e+03,3.47e+08,1.74e+09,3.47e+06
5,2.469e+03,3.44e+08,2.07e+09,3.45e+06
5,2.518e+03,3.42e+08,1.02e+09,3.43e+06
5,2.018e+03,2.78e+08,2.38e+09,2.80e+06
5,2.128e+03,2.91e+08,1.93e+09,2.94e+06
5,2.374e+03,3.21e+08,2.56e+09,3.24e+06
5,2.161e+03,2.88e+08,1.85e+09,2.90e+06
5,2.150e+03,2.90e+08,2.44e+09,2.92e+06
5,2.254e+03,3.04e+08,2.74e+09,3.04e+06
5,1.923e+03,2.64e+08,1.42e+09,2.63e+06
5,2.319e+03,3.16e+08,2.33e+09,3.16e+06
5,2.386e+03,3.24e+08,2.16e+09,3.22e+06
5,2.486e+03,3.39e+08,2.28e+09,3.40e+06
5,2.072e+03,2.88e+08,3.62e+09,2.87e+06
5,2.103e+03,2.95e+08,2.09e+09,2.97e+06
5,2.016e+03,2.72e+08,1.77e+09,2.75e+06
5,2.062e+03,2.78e+08,1.16e+09,2.78e+06
5,2.546e+03,3.46e+08,1.74e+09,3.46e+06
5,1.694e+03,2.32e+08,3.20e+09,2.31e+06
5,2.437e+03,3.33e+08,1.43e+09,3.35e+06
5,1.673e+03,2.27e+08,1.59e+09,2.27e+06
5,1.656e+03,2.24e+08,2.72e+09,2.25e+06
5,2.075e+03,2.87e+08,3.06e+09,2.89e+06
5,2.453e+03,3.39e+08,1.89e+09,3.41e+06
5,2.379e+03,3.29e+08,3.13e+09,3.30e+06
5,2.003e+03,2.76e+08,1.19e+09,2.77e+06
5,2.368e+03,3.25e+08,2.02e+09,3.23e+06
5,2.312e+03,3.14e+08,3.03e+09,3.16e+06
5,2.500e+03,3.45e+08,2.53e+09,3.42e+06
5,1.996e+03,2.75e+08,2.82e+09,2.75e+06
5,2.177e+03,2.98e+08,2.26e+09,3.01e+06
5,1.687e+03,2.31e+08,8.97e+08,2.31e+06
5,2.024e+03,2.81e+08,1.39e+09,2.79e+06
5,1.510e+03,2.07e+08,1.82e+09,2.08e+06
5,2.451e+03,3.39e+08,2.06e+09,3.44e+06
5,2.220e+03,3.01e+08,2.82e+09,3.03e+06
5,1.958e+03,2.65e+08,1.63e+09,2.68e+06
5,2.327e+03,3.19e+08,2.34e+09,3.18e+06
5,2.327e+03,3.15e+08,1.66e+09,3.16e+06
5,2.124e+03,2.91e+08,2.11e+09,2.91e+06
5,2.107e+03,2.90e+08,2.27e+09,2.89e+06
5,2.348e+03,3.21e+08,2.62e+09,3.22e+06
5,2.393e+03,3.23e+08,3.15e+09,3.29e+06
5,2.275e+03,3.16e+08,1.13e+09,3.15e+06
5,1.823e+03,2.48e+08,2.86e+09,2.48e+06
5,2.114e+03,2.88e+08,1.66e+09,2.88e+06
5,2.433e+03,3.30e+08,2.27e+09,3.35e+06
5,2.138e+03,2.93e+08,2.53e+09,2.95e+06
5,2.565e+03,3.55e+08,2.23e+09,3.54e+06
5,1.674e+03,2.25e+08,2.15e+09,2.25e+06
5,2.829e+03,3.88e+08,1.89e+09,3.91e+06
5,2.694e+03,3.63e+08,2.01e+09,3.63e+06
5,1.580e+03,2.12e+08,1.77e+09,2.14e+06
5,1.892e+03,2.54e+08,2.48e+09,2.56e+06
5,1.616e+03,2.21e+08,3.14e+09,2.22e+06
5,2.101e+03,2.89e+08,2.13e+09,2.88e+06
5,2.115e+03,2.91e+08,1.49e+09,2.90e+06
5,1.801e+03,2.48e+08,1.30e+09,2.48e+06
5,1.866e+03,2.53e+08,2.43e+09,2.55e+06
5,2.441e+03,3.31e+08,1.61e+09,3.30e+06
5,2.449e+03,3.35e+08,2.02e+09,3.33e+06
5,1.920e+03,2.65e+08,1.55e+09,2.68e+06
5,1.941e+03,2.61e+08,3.24e+09,2.62e+06
5,2.349e+03,3.21e+08,1.95e+09,3.20e+06
5,2.547e+03,3.47e+08,2.40e+09,3.50e+06
5,2.160e+03,2.94e+08,1.77e+09,2.93e+06
5,2.237e+03,3.09e+08,1.71e+09,3.10e+06
5,2.262e+03,3.10e+08,2.37e+09,3.07e+06
5,2.229e+03,3.03e+08,1.81e+09,3.02e+06
5,2.375e+03,3.27e+08,2.34e+09,3.31e+06
5,1.902e+03,2.61e+08,1.37e+09,2.63e+06
5,1.605e+03,2.17e+08,2.70e+09,2.19e+06
5,2.293e+03,3.09e+08,1.35e+09,3.13e+06
5,1.498e+03,2.03e+08,2.32e+09,2.04e+06
5,1.877e+03,2.56e+08,1.60e+09,2.58e+06
5,2.174e+03,2.97e+08,2.68e+09,2.98e+06
5,1.598e+03,2.18e+08,1.65e+09,2.19e+06
5,2.524e+03,3.50e+08,2.52e+09,3.51e+06
5,2.827e+03,3.93e+08,2.57e+09,3.95e+06
5,1.674e+03,2.26e+08,2.27e+09,2.26e+06
5,1.920e+03,2.62e+08,2.11e+09,2.64e+06
5,1.734e+03,2.36e+08,2.95e+09,2.36e+06
5,2.090e+03,2.81e+08,1.58e+09,2.82e+06
5,2.339e+03,3.17e+08,1.44e+09,3.21e+06
5,2.088e+03,2.87e+08,1.79e+09,2.91e+06
5,2.875e+03,3.93e+08,1.82e+09,3.91e+06
5,2.028e+03,2.71e+08,2.05e+09,2.75e+06
5,3.051e+03,4.17e+08,4.13e+09,4.18e+06
5,2.021e+03,2.78e+08,2.71e+09,2.76e+06
5,2.449e+03,3.38e+08,4.66e+09,3.41e+06
5,2.646e+03,3.69e+08,1.79e+09,3.67e+06
5,2.221e+03,3.06e+08,2.46e+09,3.08e+06
5,1.974e+03,2.69e+08,4.01e+09,2.70e+06
5,1.972e+03,2.63e+08,2.99e+09,2.65e+06
5,2.520e+03,3.43e+08,2.32e+09,3.49e+06
5,2.310e+03,3.12e+08,2.07e+09,3.12e+06
5,1.654e+03,2.23e+08,1.14e+09,2.25e+06
5,2.119e+03,2.91e+08,1.63e+09,2.89e+06
5,1.905e+03,2.54e+08,1.53e+09,2.54e+06
5,2.401e+03,3.27e+08,2.95e+09,3.32e+06
5,2.201e+03,3.02e+08,2.68e+09,3.02e+06
5,2.203e+03,3.02e+08,1.95e+09,3.05e+06
5,2.329e+03,3.19e+08,1.29e+09,3.21e+06
5,2.527e+03,3.50e+08,1.25e+09,3.47e+06
5,2.230e+03,3.09e+08,1.21e+09,3.12e+06
5,2.219e+03,3.03e+08,1.87e+09,3.04e+06
5,2.407e+03,3.30e+08,1.46e+09,3.32e+06
5,1.955e+03,2.67e+08,3.15e+09,2.66e+06
5,2.364e+03,3.22e+08,3.40e+09,3.27e+06
5,2.020e+03,2.78e+08,2.43e+09,2.81e+06
5,2.059e+03,2.79e+08,2.64e+09,2.79e+06
5,2.442e+03,3.33e+08,3.09e+09,3.32e+06
5,2.278e+03,3.18e+08,1.76e+09,3.19e+06
5,1.875e+03,2.54e+08,3.00e+09,2.54e+06
5,1.658e+03,2.25e+08,9.46e+08,2.27e+06
5,2.260e+03,3.11e+08,3.13e+09,3.09e+06
5,1.391e+03,1.91e+08,3.27e+09,1.91e+06
5,2.256e+03,3.06e+08,1.79e+09,3.03e+06
5,1.614e+03,2.21e+08,2.39e+09,2.20e+06
5,1.780e+03,2.42e+08,2.13e+09,2.45e+06
5,2.078e+03,2.82e+08,1.55e+09,2.86e+06
5,2.374e+03,3.26e+08,1.46e+09,3.25e+06
5,1.834e+03,2.48e+08,1.54e+09,2.49e+06
5,2.481e+03,3.36e+08,1.23e+09,3.40e+06
5,2.796e+03,3.94e+08,3.30e+09,3.96e+06
5,2.586e+03,3.50e+08,2.56e+09,3.53e+06
5,2.489e+03,3.40e+08,2.61e+09,3.41e+06
5,2.144e+03,2.94e+08,2.36e+09,2.92e+06
5,2.081e+03,2.84e+08,1.57e+09,2.83e+06
5,1.716e+03,2.33e+08,3.62e+09,2.34e+06
5,2.251e+03,3.06e+08,3.04e+09,3.12e+06
5,2.059e+03,2.83e+08,3.64e+09,2.80e+06
5,2.028e+03,2.73e+08,1.42e+09,2.76e+06
5,1.831e+03,2.49e+08,2.33e+09,2.52e+06
5,2.183e+03,2.95e+08,1.56e+09,2.99e+06
5,2.105e+03,2.89e+08,1.55e+09,2.89e+06
5,2.212e+03,3.01e+08,1.95e+09,3.03e+06
5,2.586e+03,3.56e+08,2.12e+09,3.52e+06
5,2.246e+03,3.06e+08,2.17e+09,3.06e+06
5,1.626e+03,2.24e+08,8.20e+08,2.23e+06
5,1.681e+03,2.28e+08,1.26e+09,2.26e+06
5,1.971e+03,2.63e+08,2.64e+09,2.64e+06
5,1.856e+03,2.52e+08,2.19e+09,2.52e+06
5,2.772e+03,3.76e+08,1.22e+09,3.80e+06
5,2.527e+03,3.48e+08,1.92e+09,3.54e+06
5,1.524e+03,2.06e+08,1.44e+09,2.07e+06
5,2.297e+03,3.14e+08,1.18e+09,3.14e+06
5,2.199e+03,3.02e+08,2.20e+09,3.02e+06
5,2.331e+03,3.20e+08,1.86e+09,3.23e+06
5,1.922e+03,2.64e+08,2.86e+09,2.64e+06
5,2.221e+03,2.96e+08,3.02e+09,2.98e+06
5,2.964e+03,4.12e+08,1.93e+09,4.16e+06
5,1.826e+03,2.52e+08,1.54e+09,2.54e+06
5,2.158e+03,2.93e+08,1.36e+09,2.95e+06
5,1.860e+03,2.56e+08,1.27e+09,2.57e+06
5,2.313e+03,3.20e+08,1.39e+09,3.22e+06
5,1.982e+03,2.69e+08,1.81e+09,2.70e+06
5,2.430e+03,3.30e+08,2.91e+09,3.36e+06
5,1.571e+03,2.16e+08,2.18e+09,2.16e+06
5,2.564e+03,3.49e+08,1.09e+09,3.48e+06
5,1.886e+03,2.61e+08,1.81e+09,2.60e+06
5,1.980e+03,2.72e+08,1.76e+09,2.73e+06
5,1.897e+03,2.64e+08,2.29e+09,2.60e+06
5,1.943e+03,2.63e+08,3.73e+09,2.64e+06
5,2.460e+03,3.30e+08,2.43e+09,3.30e+06
5,1.863e+03,2.59e+08,2.29e+09,2.61e+06
5,2.321e+03,3.18e+08,1.73e+09,3.19e+06
5,2.306e+03,3.17e+08,2.58e+09,3.16e+06
5,2.150e+03,2.91e+08,2.15e+09,2.92e+06
5,2.423e+03,3.37e+08,1.64e+09,3.36e+06
5,1.975e+03,2.67e+08,1.75e+09,2.68e+06
5,1.938e+03,2.59e+08,1.37e+09,2.60e+06
5,2.471e+03,3.36e+08,4.40e+09,3.34e+06
5,2.173e+03,3.00e+08,2.99e+09,3.00e+06
5,1.606e+03,2.19e+08,2.01e+09,2.21e+06
5,2.126e+03,2.90e+08,3.84e+09,2.88e+06
5,1.997e+03,2.74e+08,2.37e+09,2.77e+06
5,2.056e+03,2.75e+08,1.84e+09,2.76e+06
5,2.607e+03,3.60e+08,1.83e+09,3.56e+06
5,1.954e+03,2.68e+08,2.32e+09,2.67e+06
5,2.409e+03,3.30e+08,1.83e+09,3.33e+06
5,1.854e+03,2.53e+08,1.74e+09,2.56e+06
5,2.111e+03,2.92e+08,2.30e+09,2.89e+06
5,1.928e+03,2.71e+08,8.26e+08,2.74e+06
5,2.191e+03,2.98e+08,3.04e+09,2.99e+06
5,1.996e+03,2.74e+08,2.68e+09,2.74e+06
5,2.208e+03,2.98e+08,2.09e+09,3.01e+06
5,2.149e+03,2.99e+08,1.79e+09,2.98e+06
5,2.336e+03,3.15e+08,1.67e+09,3.15e+06
5,2.652e+03,3.63e+08,1.15e+09,3.66e+06
5,1.694e+03,2.28e+08,2.66e+09,2.31e+06
5,2.613e+03,3.53e+08,3.14e+09,3.54e+06
5,2.632e+03,3.60e+08,2.09e+09,3.61e+06
5,1.909e+03,2.64e+08,1.41e+09,2.62e+06
5,1.809e+03,2.43e+08,2.80e+09,2.45e+06
5,2.313e+03,3.16e+08,1.69e+09,3.16e+06
5,1.549e+03,2.10e+08,2.94e+09,2.15e+06
5,1.731e+03,2.35e+08,1.98e+09,2.35e+06
5,2.294e+03,3.15e+08,2.65e+09,3.16e+06
5,2.117e+03,2.90e+08,3.08e+09,2.90e+06
5,2.348e+03,3.22e+08,2.18e+09,3.21e+06
5,2.100e+03,2.79e+08,2.20e+09,2.82e+06
5,2.718e+03,3.76e+08,1.91e+09,3.78e+06
5,1.653e+03,2.22e+08,1.74e+09,2.24e+06
5,2.240e+03,3.11e+08,2.70e+09,3.10e+06
5,2.518e+03,3.42e+08,2.41e+09,3.44e+06
5,1.937e+03,2.64e+08,2.39e+09,2.65e+06
5,2.397e+03,3.30e+08,2.20e+09,3.35e+06
5,1.853e+03,2.55e+08,2.84e+09,2.57e+06
5,2.330e+03,3.18e+08,1.12e+09,3.20e+06
5,2.034e+03,2.79e+08,9.67e+08,2.78e+06
5,2.632e+03,3.65e+08,1.84e+09,3.67e+06
5,2.234e+03,3.05e+08,4.26e+09,3.03e+06
5,2.469e+03,3.34e+08,1.70e+09,3.35e+06
5,3.181e+03,4.27e+08,1.63e+09,4.35e+06
5,1.809e+03,2.47e+08,2.48e+09,2.50e+06
5,1.847e+03,2.54e+08,1.82e+09,2.54e+06
5,1.804e+03,2.41e+08,3.34e+09,2.43e+06
5,1.946e+03,2.67e+08,2.53e+09,2.67e+06
5,1.704e+03,2.30e+08,2.27e+09,2.31e+06
5,2.544e+03,3.47e+08,2.06e+09,3.50e+06
5,2.132e+03,2.89e+08,2.44e+09,2.90e+06
5,2.295e+03,3.18e+08,1.41e+09,3.17e+06
5,2.025e+03,2.81e+08,2.78e+09,2.84e+06
5,2.260e+03,3.04e+08,2.07e+09,3.09e+06
5,2.123e+03,2.92e+08,2.36e+09,2.95e+06
5,1.898e+03,2.61e+08,2.23e+09,2.61e+06
5,2.426e+03,3.30e+08,1.30e+09,3.34e+06
5,2.296e+03,3.20e+08,2.10e+09,3.20e+06
5,1.784e+03,2.42e+08,2.80e+09,2.39e+06
5,1.898e+03,2.65e+08,1.37e+09,2.67e+06
5,2.285e+03,3.14e+08,1.62e+09,3.14e+06
5,1.707e+03,2.30e+08,1.63e+09,2.31e+06
5,2.172e+03,2.97e+08,1.71e+09,2.95e+06
5,2.430e+03,3.37e+08,2.33e+09,3.34e+06
5,2.642e+03,3.65e+08,2.46e+09,3.67e+06
5,1.939e+03,2.62e+08,2.55e+09,2.62e+06
5,2.317e+03,3.18e+08,2.81e+09,3.17e+06
5,2.831e+03,3.90e+08,1.39e+09,3.89e+06
5,2.402e+03,3.31e+08,2.02e+09,3.35e+06
5,2.337e+03,3.16e+08,1.17e+09,3.16e+06
5,2.252e+03,3.10e+08,1.78e+09,3.10e+06
5,2.243e+03,3.04e+08,1.51e+09,3.06e+06
5,2.037e+03,2.73e+08,1.27e+09,2.74e+06
5,2.271e+03,3.05e+08,2.23e+09,3.06e+06
5,2.074e+03,2.86e+08,4.58e+08,2.86e+06
5,2.190e+03,2.99e+08,2.40e+09,3.00e+06
5,1.823e+03,2.45e+08,3.22e+09,2.48e+06
5,1.806e+03,2.44e+08,2.12e+09,2.44e+06
5,2.013e+03,2.79e+08,3.30e+09,2.79e+06
5,2.449e+03,3.33e+08,2.08e+09,3.31e+06
5,1.965e+03,2.70e+08,1.22e+09,2.69e+06
5,2.374e+03,3.25e+08,1.32e+09,3.28e+06
5,1.928e+03,2.60e+08,1.27e+09,2.63e+06
5,2.547e+03,3.46e+08,1.16e+09,3.49e+06
5,2.280e+03,3.05e+08,1.65e+09,3.07e+06
5,2.182e+03,2.97e+08,8.86e+08,2.97e+06
5,1.950e+03,2.66e+08,2.67e+09,2.64e+06
5,2.297e+03,3.13e+08,4.29e+09,3.14e+06
5,2.458e+03,3.38e+08,3.44e+09,3.37e+06
5,2.191e+03,3.01e+08,2.35e+09,3.02e+06
5,2.340e+03,3.22e+08,1.50e+09,3.21e+06
5,2.207e+03,3.01e+08,2.55e+09,3.02e+06
5,2.563e+03,3.56e+08,1.86e+09,3.58e+06
5,1.975e+03,2.68e+08,1.69e+09,2.70e+06
5,2.756e+03,3.88e+08,2.88e+09,3.86e+06
5,1.993e+03,2.74e+08,1.82e+09,2.72e+06
5,1.884e+03,2.58e+08,2.64e+09,2.58e+06
5,1.648e+03,2.26e+08,2.04e+09,2.27e+06
5,2.365e+03,3.21e+08,1.90e+09,3.24e+06
5,2.124e+03,2.90e+08,2.38e+09,2.91e+06
5,1.977e+03,2.71e+08,2.89e+09,2.73e+06
5,2.308e+03,3.29e+08,3.16e+09,3.24e+06
5,1.766e+03,2.37e+08,1.16e+09,2.37e+06
5,1.546e+03,2.09e+08,1.44e+09,2.13e+06
5,1.818e+03,2.45e+08,3.67e+09,2.48e+06
5,2.090e+03,2.82e+08,1.07e+09,2.86e+06
5,2.097e+03,2.83e+08,2.12e+09,2.85e+06
5,1.714e+03,2.32e+08,3.50e+09,2.33e+06
5,2.395e+03,3.25e+08,2.28e+09,3.27e+06
5,2.444e+03,3.36e+08,1.91e+09,3.42e+06
5,1.818e+03,2.50e+08,1.92e+09,2.51e+06
5,1.988e+03,2.77e+08,9.16e+08,2.80e+06
5,1.998e+03,2.68e+08,1.98e+09,2.69e+06
5,1.939e+03,2.64e+08,1.26e+09,2.62e+06
5,2.384e+03,3.29e+08,2.03e+09,3.29e+06
5,2.268e+03,3.10e+08,2.59e+09,3.12e+06
5,1.817e+03,2.49e+08,2.08e+09,2.49e+06
5,1.921e+03,2.63e+08,1.64e+09,2.64e+06
5,1.722e+03,2.38e+08,3.03e+09,2.37e+06
5,2.307e+03,3.19e+08,9.83e+08,3.21e+06
5,1.761e+03,2.36e+08,1.94e+09,2.37e+06
5,2.103e+03,2.88e+08,3.02e+09,2.87e+06
5,2.540e+03,3.53e+08,1.79e+09,3.50e+06
5,2.078e+03,2.83e+08,3.06e+09,2.84e+06
5,1.608e+03,2.18e+08,2.57e+09,2.19e+06
5,2.157e+03,2.95e+08,1.95e+09,2.99e+06
5,2.327e+03,3.19e+08,3.49e+09,3.20e+06
5,2.339e+03,3.23e+08,3.28e+09,3.28e+06
5,1.974e+03,2.69e+08,1.80e+09,2.72e+06
5,2.050e+03,2.83e+08,4.38e+09,2.85e+06
5,2.074e+03,2.84e+08,1.12e+09,2.86e+06
5,2.349e+03,3.13e+08,2.70e+09,3.13e+06
5,2.047e+03,2.81e+08,2.52e+09,2.77e+06
5,2.209e+03,3.00e+08,2.17e+09,3.05e+06
5,2.787e+03,3.76e+08,1.30e+09,3.81e+06
5,1.869e+03,2.57e+08,1.72e+09,2.57e+06
5,2.032e+03,2.75e+08,3.26e+09,2.77e+06
5,2.020e+03,2.75e+08,1.20e+09,2.77e+06
5,2.505e+03,3.43e+08,2.26e+09,3.47e+06
5,1.903e+03,2.55e+08,7.55e+08,2.58e+06
5,1.904e+03,2.57e+08,2.36e+09,2.60e+06
5,2.492e+03,3.41e+08,2.24e+09,3.41e+06
5,1.911e+03,2.59e+08,1.77e+09,2.62e+06
5,2.467e+03,3.37e+08,1.16e+09,3.37e+06
5,2.392e+03,3.27e+08,3.24e+09,3.30e+06
5,2.082e+03,2.80e+08,2.57e+09,2.84e+06
5,2.647e+03,3.62e+08,1.85e+09,3.67e+06
5,2.493e+03,3.45e+08,1.88e+09,3.47e+06
5,2.554e+03,3.57e+08,1.14e+09,3.58e+06
5,2.333e+03,3.21e+08,2.25e+09,3.24e+06
5,2.098e+03,2.88e+08,1.12e+09,2.88e+06
5,2.020e+03,2.75e+08,3.83e+09,2.75e+06
5,2.178e+03,3.02e+08,2.14e+09,3.02e+06
5,1.953e+03,2.71e+08,1.22e+09,2.74e+06
5,2.029e+03,2.82e+08,1.39e+09,2.84e+06
5,2.747e+03,3.83e+08,1.81e+09,3.82e+06
5,2.148e+03,2.96e+08,2.44e+09,2.95e+06
5,1.623e+03,2.20e+08,2.63e+09,2.19e+06
5,2.054e+03,2.74e+08,2.31e+09,2.75e+06
5,2.030e+03,2.78e+08,1.43e+09,2.79e+06
5,1.996e+03,2.76e+08,3.38e+09,2.78e+06
5,2.160e+03,2.94e+08,1.93e+09,2.96e+06
5,1.983e+03,2.74e+08,2.67e+09,2.75e+06
5,1.361e+03,1.84e+08,2.48e+09,1.84e+06
5,2.631e+03,3.57e+08,1.72e+09,3.58e+06
5,2.234e+03,3.06e+08,2.45e+09,3.06e+06
5,2.283e+03,3.18e+08,1.28e+09,3.21e+06
5,2.577e+03,3.52e+08,2.79e+09,3.58e+06
5,2.572e+03,3.61e+08,1.42e+09,3.57e+06
5,1.979e+03,2.70e+08,2.70e+09,2.69e+06
5,2.156e+03,2.95e+08,2.25e+09,2.94e+06
5,2.608e+03,3.58e+08,2.82e+09,3.59e+06
5,2.213e+03,2.99e+08,1.77e+09,2.97e+06
5,2.317e+03,3.23e+08,5.59e+09,3.24e+06
5,2.429e+03,3.34e+08,4.14e+09,3.31e+06
5,2.101e+03,2.88e+08,2.52e+09,2.87e+06
5,1.651e+03,2.24e+08,2.23e+09,2.23e+06
5,2.096e+03,2.86e+08,2.15e+09,2.86e+06
5,1.829e+03,2.46e+08,9.49e+08,2.50e+06
5,1.625e+03,2.16e+08,2.33e+09,2.15e+06
5,2.370e+03,3.22e+08,8.30e+08,3.20e+06
5,2.358e+03,3.23e+08,9.15e+08,3.23e+06
5,1.645e+03,2.22e+08,2.47e+09,2.22e+06
5,1.781e+03,2.40e+08,2.25e+09,2.44e+06
5,2.130e+03,2.90e+08,2.80e+09,2.86e+06
5,2.248e+03,2.99e+08,2.85e+09,3.02e+06
5,2.574e+03,3.52e+08,1.96e+09,3.53e+06
5,2.250e+03,3.17e+08,2.88e+09,3.17e+06
5,2.051e+03,2.78e+08,1.19e+09,2.78e+06
5,2.697e+03,3.67e+08,3.20e+09,3.67e+06
5,2.213e+03,3.04e+08,1.57e+09,3.06e+06
5,2.431e+03,3.28e+08,2.65e+09,3.30e+06
5,2.007e+03,2.74e+08,2.54e+09,2.75e+06
5,1.530e+03,2.10e+08,1.69e+09,2.10e+06
5,2.200e+03,3.02e+08,2.27e+09,3.04e+06
5,2.544e+03,3.49e+08,1.37e+09,3.48e+06
5,1.907e+03,2.53e+08,3.64e+09,2.56e+06
5,2.035e+03,2.77e+08,2.28e+09,2.79e+06
5,2.172e+03,2.99e+08,2.26e+09,3.02e+06
5,1.846e+03,2.52e+08,3.72e+09,2.52e+06
5,2.435e+03,3.25e+08,2.01e+09,3.24e+06
5,2.380e+03,3.31e+08,2.62e+09,3.32e+06
5,1.889e+03,2.57e+08,6.45e+08,2.58e+06
5,1.726e+03,2.34e+08,2.21e+09,2.35e+06
5,1.967e+03,2.70e+08,1.86e+09,2.68e+06
5,1.877e+03,2.52e+08,3.63e+09,2.54e+06
5,2.139e+03,2.90e+08,2.24e+09,2.92e+06
5,2.228e+03,3.07e+08,2.53e+09,3.09e+06
5,1.891e+03,2.55e+08,2.22e+09,2.53e+06
5,2.149e+03,2.90e+08,2.34e+09,2.93e+06
5,1.961e+03,2.65e+08,9.72e+08,2.67e+06
5,2.014e+03,2.72e+08,2.04e+09,2.76e+06
5,1.910e+03,2.66e+08,1.42e+09,2.66e+06
5,2.116e+03,2.83e+08,1.99e+09,2.87e+06
5,2.191e+03,2.99e+08,1.62e+09,2.97e+06
5,2.193e+03,3.00e+08,7.33e+08,2.98e+06
5,1.943e+03,2.64e+08,2.92e+09,2.63e+06
5,1.973e+03,2.71e+08,1.76e+09,2.73e+06
5,2.011e+03,2.75e+08,2.40e+09,2.75e+06
5,1.760e+03,2.39e+08,1.33e+09,2.42e+06
5,2.396e+03,3.24e+08,1.83e+09,3.21e+06
5,2.043e+03,2.82e+08,2.29e+09,2.82e+06
5,2.188e+03,3.02e+08,2.84e+09,3.02e+06
5,1.479e+03,1.99e+08,1.31e+09,1.98e+06
5,1.969e+03,2.72e+08,2.19e+09,2.74e+06
5,2.235e+03,3.02e+08,1.80e+09,3.02e+06
5,2.333e+03,3.15e+08,1.93e+09,3.15e+06
5,2.202e+03,2.93e+08,1.98e+09,2.93e+06
5,2.163e+03,2.94e+08,1.65e+09,2.97e+06
5,2.606e+03,3.58e+08,6.66e+08,3.59e+06
5,2.545e+03,3.44e+08,1.40e+09,3.46e+06
5,2.004e+03,2.73e+08,1.88e+09,2.73e+06
5,2.215e+03,3.02e+08,2.73e+09,3.05e+06
5,1.812e+03,2.43e+08,1.82e+09,2.42e+06
5,2.091e+03,2.91e+08,1.74e+09,2.94e+06
5,1.823e+03,2.45e+08,2.38e+09,2.49e+06
5,2.497e+03,3.43e+08,1.20e+09,3.46e+06
5,1.983e+03,2.68e+08,2.04e+09,2.69e+06
5,2.138e+03,2.85e+08,2.32e+09,2.89e+06
5,1.964e+03,2.67e+08,3.22e+09,2.68e+06
5,2.023e+03,2.77e+08,2.06e+09,2.78e+06
5,2.256e+03,3.05e+08,1.62e+09,3.04e+06
5,1.809e+03,2.44e+08,2.22e+09,2.45e+06
5,2.496e+03,3.41e+08,1.25e+09,3.41e+06
5,2.432e+03,3.35e+08,4.14e+09,3.30e+06
5,2.047e+03,2.83e+08,2.47e+09,2.84e+06
5,2.435e+03,3.34e+08,1.38e+09,3.38e+06
5,2.324e+03,3.25e+08,1.83e+09,3.25e+06
5,1.833e+03,2.49e+08,2.70e+09,2.51e+06
5,1.938e+03,2.65e+08,1.43e+09,2.65e+06
5,2.199e+03,3.05e+08,2.17e+09,3.06e+06
5,1.722e+03,2.32e+08,1.82e+09,2.34e+06
5,2.495e+03,3.51e+08,2.21e+09,3.53e+06
5,2.397e+03,3.29e+08,1.83e+09,3.33e+06
5,2.114e+03,2.92e+08,3.48e+09,2.89e+06
5,2.060e+03,2.81e+08,2.38e+09,2.78e+06
5,2.973e+03,4.15e+08,3.43e+09,4.06e+06
5,2.192e+03,2.93e+08,2.46e+09,2.95e+06
5,1.616e+03,2.21e+08,1.97e+09,2.22e+06
5,2.812e+03,3.78e+08,1.73e+09,3.76e+06
5,1.992e+03,2.68e+08,1.50e+09,2.68e+06
5,2.016e+03,2.74e+08,1.17e+09,2.74e+06
5,1.861e+03,2.52e+08,2.52e+09,2.54e+06
5,2.113e+03,2.88e+08,2.12e+09,2.86e+06
5,2.607e+03,3.56e+08,2.45e+09,3.57e+06
5,1.944e+03,2.63e+08,2.10e+09,2.65e+06
5,1.897e+03,2.58e+08,1.12e+09,2.60e+06
5,2.208e+03,3.02e+08,1.79e+09,3.05e+06
5,2.189e+03,2.93e+08,1.55e+09,2.97e+06
5,2.353e+03,3.25e+08,1.79e+09,3.25e+06
5,1.965e+03,2.68e+08,2.35e+09,2.66e+06
5,2.383e+03,3.24e+08,1.31e+09,3.24e+06
5,2.079e+03,2.92e+08,1.62e+09,2.92e+06
5,1.767e+03,2.41e+08,2.22e+09,2.45e+06
5,2.374e+03,3.24e+08,1.05e+09,3.27e+06
5,1.999e+03,2.69e+08,1.61e+09,2.69e+06
5,2.033e+03,2.76e+08,2.74e+09,2.79e+06
5,1.966e+03,2.67e+08,1.10e+09,2.69e+06
5,2.227e+03,3.04e+08,2.42e+09,3.05e+06
5,2.301e+03,3.16e+08,1.47e+09,3.19e+06
5,2.261e+03,3.12e+08,3.33e+09,3.15e+06
5,1.963e+03,2.70e+08,1.58e+09,2.71e+06
5,2.596e+03,3.47e+08,2.80e+09,3.55e+06
5,1.760e+03,2.42e+08,2.65e+09,2.45e+06
5,2.109e+03,2.89e+08,3.06e+09,2.88e+06
5,1.903e+03,2.59e+08,1.61e+09,2.61e+06
5,1.949e+03,2.73e+08,1.56e+09,2.71e+06
5,1.766e+03,2.42e+08,1.94e+09,2.42e+06
5,2.729e+03,3.73e+08,1.78e+09,3.73e+06
5,2.250e+03,3.03e+08,2.14e+09,3.01e+06
5,1.847e+03,2.51e+08,2.46e+09,2.52e+06
5,2.453e+03,3.38e+08,2.71e+09,3.36e+06
5,1.997e+03,2.72e+08,2.25e+09,2.75e+06
5,1.792e+03,2.44e+08,2.23e+09,2.48e+06
5,1.841e+03,2.50e+08,1.57e+09,2.50e+06
5,2.104e+03,2.96e+08,2.25e+09,2.98e+06
5,2.854e+03,4.00e+08,2.86e+09,3.97e+06
5,2.485e+03,3.42e+08,1.66e+09,3.43e+06
5,1.903e+03,2.59e+08,1.84e+09,2.60e+06
5,2.460e+03,3.38e+08,1.89e+09,3.40e+06
5,2.678e+03,3.70e+08,2.99e+09,3.69e+06
5,2.545e+03,3.53e+08,2.95e+09,3.57e+06
5,2.028e+03,2.77e+08,2.14e+09,2.76e+06
5,1.756e+03,2.39e+08,9.78e+08,2.39e+06
5,2.223e+03,3.06e+08,1.69e+09,3.06e+06
5,2.379e+03,3.28e+08,4.78e+09,3.27e+06
5,1.757e+03,2.39e+08,1.08e+09,2.41e+06
5,2.109e+03,2.87e+08,2.14e+09,2.88e+06
5,1.833e+03,2.48e+08,2.52e+09,2.48e+06
5,2.913e+03,3.98e+08,2.19e+09,3.98e+06
5,1.985e+03,2.69e+08,3.36e+09,2.71e+06
5,2.144e+03,2.91e+08,2.28e+09,2.91e+06
5,2.232e+03,3.04e+08,1.74e+09,3.04e+06
5,2.073e+03,2.83e+08,1.75e+09,2.83e+06
5,1.717e+03,2.32e+08,1.49e+09,2.34e+06
5,2.466e+03,3.48e+08,1.86e+09,3.50e+06
5,1.833e+03,2.53e+08,1.37e+09,2.54e+06
5,2.109e+03,2.86e+08,1.65e+09,2.86e+06
5,1.922e+03,2.65e+08,2.08e+09,2.65e+06
5,2.820e+03,3.89e+08,1.19e+09,3.92e+06
5,1.989e+03,2.71e+08,2.42e+09,2.72e+06
5,1.961e+03,2.69e+08,1.40e+09,2.70e+06
5,1.904e+03,2.65e+08,1.39e+09,2.65e+06
5,2.101e+03,2.94e+08,1.79e+09,2.94e+06
5,1.868e+03,2.58e+08,2.40e+09,2.57e+06
5,2.176e+03,2.98e+08,2.81e+09,2.97e+06
5,2.332e+03,3.22e+08,1.62e+09,3.22e+06
5,1.693e+03,2.32e+08,2.74e+09,2.32e+06
5,2.616e+03,3.51e+08,1.95e+09,3.50e+06
5,1.975e+03,2.69e+08,2.72e+09,2.69e+06
5,2.311e+03,3.17e+08,2.09e+09,3.16e+06
5,2.426e+03,3.28e+08,1.11e+09,3.29e+06
5,2.655e+03,3.59e+08,2.56e+09,3.61e+06
5,2.147e+03,2.92e+08,2.35e+09,2.91e+06
5,1.909e+03,2.61e+08,2.47e+09,2.61e+06
5,2.200e+03,3.02e+08,8.46e+08,3.03e+06
5,1.829e+03,2.47e+08,1.52e+09,2.48e+06
5,1.907e+03,2.56e+08,2.09e+09,2.55e+06
5,2.744e+03,3.80e+08,2.45e+09,3.81e+06
5,2.647e+03,3.62e+08,2.04e+09,3.63e+06
5,2.202e+03,2.99e+08,3.57e+09,3.03e+06
5,2.419e+03,3.28e+08,1.97e+09,3.31e+06
5,2.063e+03,2.79e+08,1.63e+09,2.77e+06
5,2.085e+03,2.81e+08,1.49e+09,2.86e+06
5,2.425e+03,3.32e+08,1.25e+09,3.29e+06
5,1.909e+03,2.63e+08,2.31e+09,2.63e+06
5,2.125e+03,2.92e+08,2.41e+09,2.95e+06
3,1.490e+03,5.31e+07,5.10e+08,3.59e+05
3,1.121e+03,3.91e+07,4.09e+08,2.62e+05
8,2.860e+03,3.32e+07,1.37e+08,4.93e+05
8,3.462e+03,4.09e+07,4.12e+08,6.08e+05
13,5.999e+03,3.52e+07,2.18e+08,7.96e+05
13,5.387e+03,3.10e+07,9.41e+07,7.02e+05
18,5.682e+03,1.78e+07,8.28e+07,5.46e+05
18,8.398e+03,2.69e+07,4.49e+06,8.21e+05
23,7.183e+03,1.37e+07,4.85e+06,5.33e+05
23,7.694e+03,1.45e+07,1.61e+08,5.55e+05
28,8.244e+03,9.80e+06,1.36e+07,4.60e+05
28,8.670e+03,1.05e+07,8.43e+07,4.89e+05
33,1.320e+04,1.09e+07,8.33e+07,5.84e+05
33,1.202e+04,9.58e+06,8.77e+06,5.19e+05
38,1.413e+04,7.69e+06,2.09e+07,4.88e+05
38,1.598e+04,8.64e+06,1.64e+08,5.38e+05
43,1.669e+04,5.97e+06,1.77e+07,4.30e+05
43,1.626e+04,5.97e+06,2.82e+07,4.28e+05
48,1.476e+04,3.59e+06,9.79e+05,2.92e+05
48,1.568e+04,3.88e+06,8.96e+06,3.16e+05
53,2.097e+04,3.62e+06,2.66e+05,3.35e+05
53,1.746e+04,3.00e+06,3.09e+06,2.74e+05
58,2.419e+04,3.01e+06,2.89e+06,3.06e+05
58,1.899e+04,2.33e+06,2.22e+07,2.40e+05
63,2.447e+04,2.20e+06,8.07e+05,2.50e+05
63,3.173e+04,2.81e+06,8.64e+05,3.13e+05
68,2.618e+04,1.63e+06,1.84e+06,2.08e+05
68,2.370e+04,1.45e+06,1.16e+06,1.83e+05
73,2.261e+04,9.99e+05,5.21e+05,1.38e+05
73,3.061e+04,1.39e+06,4.35e+06,1.95e+05
78,2.821e+04,9.03e+05,3.05e+06,1.40e+05
78,3.105e+04,9.92e+05,1.01e+06,1.52e+05
83,3.479e+04,8.18e+05,2.88e+05,1.41e+05
83,3.285e+04,7.72e+05,4.86e+06,1.32e+05
88,3.270e+04,5.57e+05,2.27e+05,1.07e+05
88,3.196e+04,5.42e+05,2.22e+06,1.03e+05
93,3.261e+04,4.04e+05,2.87e+05,8.39e+04
93,2.918e+04,3.43e+05,6.77e+06,7.10e+04
98,4.006e+04,3.77e+05,7.91e+04,8.58e+04
98,3.680e+04,3.42e+05,4.74e+05,7.89e+04
103,4.700e+04,3.17e+05,3.30e+04,8.03e+04
103,2.730e+04,1.69e+05,2.00e+05,4.23e+04
108,3.588e+04,1.71e+05,6.26e+05,4.82e+04
108,3.533e+04,1.74e+05,6.33e+03,4.92e+04
113,3.365e+04,1.19e+05,3.13e+05,3.64e+04
113,4.143e+04,1.51e+05,3.61e+05,4.64e+04
118,4.266e+04,1.13e+05,7.04e+04,3.80e+04
118,3.844e+04,1.06e+05,4.26e+05,3.57e+04
123,3.817e+04,7.61e+04,1.13e+05,2.84e+04
123,2.867e+04,5.32e+04,1.87e+05,1.98e+04
128,5.541e+04,8.36e+04,6.13e+05,3.44e+04
128,4.613e+04,6.75e+04,6.36e+04,2.76e+04
133,5.881e+04,6.40e+04,9.03e+04,2.85e+04
133,4.633e+04,5.21e+04,2.84e+03,2.33e+04
138,4.883e+04,3.85e+04,3.20e+04,1.91e+04
138,4.438e+04,3.52e+04,8.19e+04,1.74e+04
143,5.086e+04,3.15e+04,2.62e+03,1.70e+04
143,4.760e+04,2.75e+04,1.86e+02,1.50e+04
148,6.180e+04,2.83e+04,6.46e+03,1.70e+04
148,5.238e+04,2.44e+04,1.78e+04,1.47e+04
